pathway_id,drugmechdb_pathway_id,drug,disease,drugmechdb_drug,drugmechdb_disease,drugmechdb_drug_mesh,drugmechdb_disease_mesh,drugmechdb_drugbank,references,pmid,num_nodes,num_edges,nodes_skipped,original_drugmechdb_nodes,quality_score,coverage_score
valganciclovir_CMV_infection,DBDB01610_MESH_D003586_9,valganciclovir,CMV infection,valganciclovir,CMV infection,MESH:D000077562,MESH:D003586,DB:DB01610,,,3,2,2,5,0.75,0.6
antazoline_Vasomotor_rhinitis,DBDB08799_MESH_D012223_19,antazoline,Vasomotor rhinitis,antazoline,Vasomotor rhinitis,MESH:D000865,MESH:D012223,DB:DB08799,,,3,2,1,4,0.75,0.75
apalutamide_Nonmetastatic_prostate_cancer,DBDB11901_MESH_D011471_82,apalutamide,Nonmetastatic prostate cancer,apalutamide,Nonmetastatic prostate cancer,MESH:C572045,MESH:D011471,DB:DB11901,,,3,2,2,5,0.6,0.6
aminoglutethimide_Secondary_malignant_neoplasm_o,DBDB00357_MESH_D001943_84,aminoglutethimide,Secondary malignant neoplasm of female breast,aminoglutethimide,Secondary malignant neoplasm of female breast,MESH:D000616,MESH:D001943,DB:DB00357,,,3,2,2,5,0.75,0.6
anastrozole_Hormone_receptor_positive_mali,DBDB01217_MESH_D001943_87,anastrozole,Hormone receptor positive malignant neoplasm of breast,anastrozole,Hormone receptor positive malignant neoplasm of breast,MESH:D000077384,MESH:D001943,DB:DB01217,,,3,2,2,5,0.75,0.6
diflunisal_Rheumatoid_arthritis,DBDB00861_MESH_D001172_118,diflunisal,Rheumatoid arthritis,diflunisal,Rheumatoid arthritis,MESH:D004061,MESH:D001172,DB:DB00861,,,5,4,2,7,1.0,0.714
mepyramine_Vasomotor_rhinitis,DBDB06691_MESH_D012223_128,mepyramine,Vasomotor rhinitis,mepyramine,Vasomotor rhinitis,MESH:D011738,MESH:D012223,DB:DB06691,,,3,2,3,6,0.75,0.5
azilsartan_medoxomil_Hypertensive_disorder,DBDB08822_MESH_D006973_131,azilsartan medoxomil,Hypertensive disorder,azilsartan medoxomil,Hypertensive disorder,"MESH:C521273,MESH:C557413",MESH:D006973,DB:DB08822,,,3,2,2,5,0.75,0.6
bromocriptine_Hyperprolactinemia,DBDB01200_MESH_D006966_143,bromocriptine,Hyperprolactinemia,bromocriptine,Hyperprolactinemia,MESH:D001971,MESH:D006966,DB:DB01200,,,5,4,1,6,0.833,0.833
amobarbital_Epilepsy,DBDB01351_MESH_D004827_170,amobarbital,Epilepsy,amobarbital,Epilepsy,MESH:D000654,MESH:D004827,DB:DB01351,,,6,5,5,11,0.545,0.545
terbutaline_Asthma,DBDB00871_MESH_D001249_188,terbutaline,Asthma,terbutaline,Asthma,MESH:D013726,MESH:D001249,DB:DB00871,,,3,2,3,6,0.5,0.5
tafamidis_Amyloidosis,DBDB05352_MESH_D000686_195,tafamidis,Amyloidosis,tafamidis,Amyloidosis,MESH:C547076,MESH:D000686,DB:DB05352,,,3,2,5,8,0.375,0.375
FYX-051_Hyperuricemia,DBDB01685_MESH_D033461_213,FYX-051,Hyperuricemia,FYX-051,Hyperuricemia,MESH:C504882,MESH:D033461,DB:DB01685,,,3,2,2,5,0.6,0.6
FYX-051_Gout,DBDB01685_MESH_D006073_214,FYX-051,Gout,FYX-051,Gout,MESH:C504882,MESH:D006073,DB:DB01685,,,3,2,2,5,0.6,0.6
glimepiride_Diabetes_mellitus_type_2,DBDB00222_MESH_D003924_222,glimepiride,Diabetes mellitus type 2,glimepiride,Diabetes mellitus type 2,MESH:C057619,MESH:D003924,DB:DB00222,,,3,2,5,8,0.375,0.375
capecitabine_Malignant_tumor_of_stomach,DBDB01101_MESH_D013274_234,capecitabine,Malignant tumor of stomach,capecitabine,Malignant tumor of stomach,MESH:D000069287,MESH:D013274,DB:DB01101,,,4,3,4,8,0.5,0.5
oxaprozin_Rheumatoid_arthritis,DBDB00991_MESH_D001172_237,oxaprozin,Rheumatoid arthritis,oxaprozin,Rheumatoid arthritis,MESH:C008729,MESH:D001172,DB:DB00991,,,5,4,2,7,1.0,0.714
pimozide_Gilles_de_la_Tourette's_syndro,DBDB01100_MESH_D005879_238,pimozide,Gilles de la Tourette's syndrome,pimozide,Gilles de la Tourette's syndrome,MESH:D010868,MESH:D005879,DB:DB01100,,,3,2,2,5,0.6,0.6
clemastine_Vasomotor_rhinitis,DBDB00283_MESH_D012223_247,clemastine,Vasomotor rhinitis,clemastine,Vasomotor rhinitis,MESH:D002974,MESH:D012223,DB:DB00283,,,3,2,2,5,0.6,0.6
insulin_detemir_Diabetes_mellitus,DBDB01307_MESH_D003920_256,insulin detemir,Diabetes mellitus,insulin detemir,Diabetes mellitus,MESH:D000069057,MESH:D003920,DB:DB01307,,,3,2,5,8,0.429,0.375
Methadyl_Acetate_Opioid-Related_Disorders,DBDB01227_MESH_D009293_277,Methadyl Acetate,Opioid-Related Disorders,Methadyl Acetate,Opioid-Related Disorders,MESH:D008692,MESH:D009293,DB:DB01227,,,3,2,4,7,0.6,0.429
Brompheniramine_Rhinitis_Vasomotor,DBDB00835_MESH_D012223_301,Brompheniramine,"Rhinitis, Vasomotor",Brompheniramine,"Rhinitis, Vasomotor",MESH:D001977,MESH:D012223,DB:DB00835,,,3,2,2,5,0.6,0.6
bitolterol_Asthma,DBDB00901_MESH_D001249_309,bitolterol,Asthma,bitolterol,Asthma,MESH:C011685,MESH:D001249,DB:DB00901,,,3,2,7,10,0.375,0.3
acrivastine_Vasomotor_rhinitis,DBDB09488_MESH_D012223_320,acrivastine,Vasomotor rhinitis,acrivastine,Vasomotor rhinitis,MESH:C043648,MESH:D012223,DB:DB09488,,,3,2,3,6,0.75,0.5
adalimumab_Rheumatoid_arthritis,DBDB00051_MESH_D001172_329,adalimumab,Rheumatoid arthritis,adalimumab,Rheumatoid arthritis,MESH:D000068879,MESH:D001172,DB:DB00051,,,3,2,2,5,0.6,0.6
adalimumab_Psoriasis_with_arthropathy,DBDB00051_MESH_D015535_331,adalimumab,Psoriasis with arthropathy,adalimumab,Psoriasis with arthropathy,MESH:D000068879,MESH:D015535,DB:DB00051,,,3,2,2,5,0.6,0.6
adalimumab_Ulcerative_colitis,DBDB00051_MESH_D003093_334,adalimumab,Ulcerative colitis,adalimumab,Ulcerative colitis,MESH:D000068879,MESH:D003093,DB:DB00051,,,3,2,2,5,0.6,0.6
regorafenib_Gastrointestinal_stromal_tumor,DBDB08896_MESH_D046152_348,regorafenib,Gastrointestinal stromal tumor,regorafenib,Gastrointestinal stromal tumor,MESH:C559147,MESH:D046152,DB:DB08896,,,5,4,2,7,0.714,0.714
abiraterone_acetate_Malignant_tumor_of_prostate,DBDB05812_MESH_D011471_355,abiraterone acetate,Malignant tumor of prostate,abiraterone acetate,Malignant tumor of prostate,"MESH:D000069501,MESH:C089740",MESH:D011471,DB:DB05812,,,7,6,1,8,0.875,0.875
abiraterone_acetate_Malignant_tumor_of_prostate_2,DBDB05812_MESH_D011471_356,abiraterone acetate,Malignant tumor of prostate,abiraterone acetate,Malignant tumor of prostate,MESH:D000069501,MESH:D011471,DB:DB05812,,,5,4,5,10,0.5,0.5
abiraterone_acetate_Malignant_tumor_of_prostate_3,DBDB05812_MESH_D011471_357,abiraterone acetate,Malignant tumor of prostate,abiraterone acetate,Malignant tumor of prostate,MESH:D000069501,MESH:D011471,DB:DB05812,,,3,2,7,10,0.3,0.3
abiraterone_acetate_Malignant_tumor_of_prostate_4,DBDB05812_MESH_D011471_360,abiraterone acetate,Malignant tumor of prostate,abiraterone acetate,Malignant tumor of prostate,"MESH:D000069501,MESH:C089740",MESH:D011471,DB:DB05812,,,7,6,2,9,0.778,0.778
tulobuterol_Asthma,DBDB12248_MESH_D001249_374,tulobuterol,Asthma,tulobuterol,Asthma,MESH:C010809,MESH:D001249,DB:DB12248,,,3,2,3,6,0.5,0.5
alfacalcidol_Chronic_Kidney_Disease-Mineral,DBDB01436_MESH_D012080_383,alfacalcidol,Chronic Kidney Disease-Mineral and Bone Disorder,alfacalcidol,Chronic Kidney Disease-Mineral and Bone Disorder,MESH:C008088,MESH:D012080,DB:DB01436,,,5,4,3,8,0.714,0.625
alfacalcidol_Chronic_Kidney_Disease-Mineral_2,DBDB01436_MESH_D012080_384,alfacalcidol,Chronic Kidney Disease-Mineral and Bone Disorder,alfacalcidol,Chronic Kidney Disease-Mineral and Bone Disorder,MESH:C008088,MESH:D012080,DB:DB01436,,,5,4,3,8,0.714,0.625
alfacalcidol_Chronic_Kidney_Disease-Mineral_3,DBDB01436_MESH_D012080_385,alfacalcidol,Chronic Kidney Disease-Mineral and Bone Disorder,alfacalcidol,Chronic Kidney Disease-Mineral and Bone Disorder,MESH:C008088,MESH:D012080,DB:DB01436,,,5,4,3,8,0.714,0.625
irbesartan_Hypertensive_disorder,DBDB01029_MESH_D006973_432,irbesartan,Hypertensive disorder,irbesartan,Hypertensive disorder,MESH:C081309,MESH:D006973,DB:DB01029,,,3,2,3,6,0.6,0.5
Dyphylline_Asthma,DBDB00651_MESH_D001249_479,Dyphylline,Asthma,Dyphylline,Asthma,MESH:D004400,MESH:D001249,DB:DB00651,,,4,3,4,8,0.571,0.5
Liraglutide_Diabetes_Mellitus_Type_2,DBDB06655_MESH_D003924_498,Liraglutide,"Diabetes Mellitus, Type 2",Liraglutide,"Diabetes Mellitus, Type 2",MESH:D000069450,MESH:D003924,DB:DB06655,,,3,2,5,8,0.5,0.375
Crizotinib_Carcinoma_Non-Small-Cell_Lung,DBDB08865_MESH_D002289_507,Crizotinib,"Carcinoma, Non-Small-Cell Lung",Crizotinib,"Carcinoma, Non-Small-Cell Lung",MESH:D000077547,MESH:D002289,DB:DB08865,,,3,2,1,4,0.75,0.75
Buprenorphine_Opioid-Related_Disorders,DBDB00921_MESH_D009293_520,Buprenorphine,Opioid-Related Disorders,Buprenorphine,Opioid-Related Disorders,MESH:D002047,MESH:D009293,DB:DB00921,,,3,2,4,7,0.5,0.429
Pioglitazone_Diabetes_Mellitus_Type_2,DBDB01132_MESH_D003924_533,Pioglitazone,"Diabetes Mellitus, Type 2",Pioglitazone,"Diabetes Mellitus, Type 2",MESH:D000077205,MESH:D003924,DB:DB01132,,,3,2,4,7,0.5,0.429
Sotalol_Atrial_Fibrillation,DBDB00489_MESH_D001281_534,Sotalol,Atrial Fibrillation,Sotalol,Atrial Fibrillation,MESH:D013015,MESH:D001281,DB:DB00489,,,3,2,6,9,0.333,0.333
Tirofiban_Acute_Coronary_Syndrome,DBDB00775_MESH_D054058_536,Tirofiban,Acute Coronary Syndrome,Tirofiban,Acute Coronary Syndrome,MESH:D000077466,MESH:D054058,DB:DB00775,,,5,4,1,6,0.833,0.833
cabergoline_Hyperprolactinemia,DBDB00248_MESH_D006966_542,cabergoline,Hyperprolactinemia,cabergoline,Hyperprolactinemia,MESH:D000077465,MESH:D006966,DB:DB00248,,,3,2,4,7,0.5,0.429
necitumumab_Non-small_cell_lung_cancer,DBDB09559_MESH_D002289_581,necitumumab,Non-small cell lung cancer,necitumumab,Non-small cell lung cancer,MESH:C527969,MESH:D002289,DB:DB09559,,,3,2,3,6,0.5,0.5
infliximab_Rheumatoid_arthritis,DBDB00065_MESH_D001172_609,infliximab,Rheumatoid arthritis,infliximab,Rheumatoid arthritis,MESH:D000069285,MESH:D001172,DB:DB00065,,,3,2,2,5,0.6,0.6
infliximab_Ulcerative_colitis,DBDB00065_MESH_D003093_610,infliximab,Ulcerative colitis,infliximab,Ulcerative colitis,MESH:D000069285,MESH:D003093,DB:DB00065,,,3,2,2,5,0.6,0.6
infliximab_Psoriatic_Arthritis,DBDB00065_MESH_D015535_613,infliximab,Psoriatic Arthritis,infliximab,Psoriatic Arthritis,MESH:D000069285,MESH:D015535,DB:DB00065,,,3,2,2,5,0.6,0.6
Febuxostat_Hyperuricemia,DBDB04854_MESH_D033461_634,Febuxostat,Hyperuricemia,Febuxostat,Hyperuricemia,MESH:D000069465,MESH:D033461,DB:DB04854,,,3,2,2,5,0.6,0.6
Cilastatin_Pneumonia_Pneumococcal,DBDB01597_MESH_D011018_640,Cilastatin,"Pneumonia, Pneumococcal",Cilastatin,"Pneumonia, Pneumococcal",MESH:D015377,MESH:D011018,DB:DB01597,,,4,3,2,6,0.8,0.667
Cilastatin_Pneumonia_Bacterial,DBDB01597_MESH_D018410_641,Cilastatin,"Pneumonia, Bacterial",Cilastatin,"Pneumonia, Bacterial",MESH:D015377,MESH:D018410,DB:DB01597,,,4,3,2,6,0.8,0.667
Siltuximab_Angiofollicular_lymph_node_hyp,DBDB09036_MESH_D005871_700,Siltuximab,Angiofollicular lymph node hyperplasia,Siltuximab,Angiofollicular lymph node hyperplasia,MESH:C504234,MESH:D005871,DB:DB09036,,,3,2,0,3,1.0,1.0
Magnesium_salicylate_Rheumatoid_arthritis,DBDB01397_MESH_D001172_721,Magnesium salicylate,Rheumatoid arthritis,Magnesium salicylate,Rheumatoid arthritis,MESH:C496892,MESH:D001172,DB:DB01397,,,5,4,1,6,1.0,0.833
Tenofovir_disoproxil_HIV_Infections,DBDB00300_MESH_D015658_726,Tenofovir disoproxil,HIV Infections,Tenofovir disoproxil,HIV Infections,,MESH:D015658,DB:DB00300,,,3,2,4,7,0.75,0.429
Tenofovir_disoproxil_Hepatitis_B_Chronic,DBDB00300_MESH_D019694_727,Tenofovir disoproxil,"Hepatitis B, Chronic",Tenofovir disoproxil,"Hepatitis B, Chronic",,MESH:D019694,DB:DB00300,,,3,2,4,7,0.75,0.429
baricitinib_Arthritis_Rheumatoid,DBDB11817_MESH_D001172_729,baricitinib,"Arthritis, Rheumatoid",baricitinib,"Arthritis, Rheumatoid",MESH:C000596027,MESH:D001172,DB:DB11817,,,7,6,1,8,0.875,0.875
fimasartan_Hypertension,DBDB09279_MESH_D006973_730,fimasartan,Hypertension,fimasartan,Hypertension,MESH:C558933,MESH:D006973,DB:DB09279,,,3,2,4,7,0.429,0.429
Budesonide_Asthma,DBDB01222_MESH_D001249_732,Budesonide,Asthma,Budesonide,Asthma,MESH:D019819,MESH:D001249,DB:DB01222,,,10,9,1,11,0.909,0.909
ketoprofen_Rheumatoid_arthritis,DBDB01009_MESH_D001172_787,ketoprofen,Rheumatoid arthritis,ketoprofen,Rheumatoid arthritis,MESH:D007660,MESH:D001172,DB:DB01009,,,5,4,3,8,0.714,0.625
Tegafur_Stomach_Neoplasms,DBDB09256_MESH_D013274_795,Tegafur,Stomach Neoplasms,Tegafur,Stomach Neoplasms,MESH:D005641,MESH:D013274,DB:DB09256,,,4,3,5,9,0.667,0.444
nintedanib_Carcinoma_Non-Small-Cell_Lung,DBDB09079_MESH_D002289_798,nintedanib,"Carcinoma, Non-Small-Cell Lung",nintedanib,"Carcinoma, Non-Small-Cell Lung",MESH:C530716,MESH:D002289,DB:DB09079,,,4,3,9,13,0.364,0.308
Naloxone_Opioid-Related_Disorders,DBDB01183_MESH_D009293_814,Naloxone,Opioid-Related Disorders,Naloxone,Opioid-Related Disorders,MESH:D009270,MESH:D009293,DB:DB01183,,,6,5,2,8,0.75,0.75
Meclofenamic_acid_Rheumatoid_arthritis,DBDB00939_MESH_D001172_867,Meclofenamic acid,Rheumatoid arthritis,Meclofenamic acid,Rheumatoid arthritis,MESH:D008469,MESH:D001172,DB:DB00939,,,5,4,2,7,1.0,0.714
methyltestosterone_Eunuchism,DBDB06710_MESH_D005058_894,methyltestosterone,Eunuchism,methyltestosterone,Eunuchism,MESH:D008777,MESH:D005058,DB:DB06710,,,4,3,5,9,0.444,0.444
Choline_magnesium_trisalicylate_Rheumatoid_arthritis,DBDB01401_MESH_D001172_914,Choline magnesium trisalicylate,Rheumatoid arthritis,Choline magnesium trisalicylate,Rheumatoid arthritis,MESH:C017959,MESH:D001172,DB:DB01401,,,5,4,3,8,0.714,0.625
Lumacaftor_Cystic_fibrosis_of_the_lung,DBDB09280_MESH_D003550_962,Lumacaftor,Cystic fibrosis of the lung,Lumacaftor,Cystic fibrosis of the lung,MESH:C569105,MESH:D003550,DB:DB09280,,,3,2,0,3,1.0,1.0
Dexbrompheniramine_Vasomotor_rhinitis,DBDB00405_MESH_D012223_966,Dexbrompheniramine,Vasomotor rhinitis,Dexbrompheniramine,Vasomotor rhinitis,MESH:C015121,MESH:D012223,DB:DB00405,,,3,2,3,6,0.75,0.5
Amantadine_Basal_Ganglia_Diseases,DBDB00915_MESH_D001480_969,Amantadine,Basal Ganglia Diseases,Amantadine,Basal Ganglia Diseases,MESH:D000547,MESH:D001480,DB:DB00915,,,4,3,1,5,0.8,0.8
Amantadine_Parkinsonian_Disorders,DBDB00915_MESH_D020734_971,Amantadine,Parkinsonian Disorders,Amantadine,Parkinsonian Disorders,MESH:D000547,MESH:D020734,DB:DB00915,,,4,3,1,5,0.8,0.8
Dulaglutide_Diabetes_mellitus_type_2,DBDB09045_MESH_D003924_1003,Dulaglutide,Diabetes mellitus type 2,Dulaglutide,Diabetes mellitus type 2,MESH:C555680,MESH:D003924,DB:DB09045,,,3,2,4,7,0.5,0.429
Enalaprilat_Congestive_heart_failure,DBDB09477_MESH_D006333_1005,Enalaprilat,Congestive heart failure,Enalaprilat,Congestive heart failure,MESH:D015773,MESH:D006333,DB:DB09477,,,3,2,5,8,0.5,0.375
methylphenidate_Attention_deficit_hyperactivit,DBDB00422_MESH_D001289_1012,methylphenidate,Attention deficit hyperactivity disorder,methylphenidate,Attention deficit hyperactivity disorder,MESH:D008774,MESH:D001289,DB:DB00422,,,5,4,1,6,0.833,0.833
Simvastatin_Hyperlipidemia_Familial_Combin,DBDB00641_MESH_D006950_1028,Simvastatin,"Hyperlipidemia, Familial Combined",Simvastatin,"Hyperlipidemia, Familial Combined",MESH:D019821,MESH:D006950,DB:DB00641,,,3,2,6,9,0.429,0.333
fosphenytoin_Epilepsy,DBDB01320_MESH_D004827_1040,fosphenytoin,Epilepsy,fosphenytoin,Epilepsy,MESH:C043114,MESH:D004827,DB:DB01320,,,4,3,2,6,0.8,0.667
fosphenytoin_Status_Epilepticus,DBDB01320_MESH_D013226_1041,fosphenytoin,Status Epilepticus,fosphenytoin,Status Epilepticus,MESH:C043114,MESH:D013226,DB:DB01320,,,4,3,2,6,0.8,0.667
Felbamate_Epilepsy,DBDB00949_MESH_D004827_1061,Felbamate,Epilepsy,Felbamate,Epilepsy,MESH:C047360,MESH:D004827,DB:DB00949,,,3,2,2,5,0.6,0.6
Clofedanol_Vasomotor_rhinitis,DBDB04837_MESH_D012223_1069,Clofedanol,Vasomotor rhinitis,Clofedanol,Vasomotor rhinitis,MESH:C010432,MESH:D012223,DB:DB04837,,,3,2,3,6,0.75,0.5
azelastine_Vasomotor_rhinitis,DBDB00972_MESH_D012223_1077,azelastine,Vasomotor rhinitis,azelastine,Vasomotor rhinitis,MESH:C020976,MESH:D012223,DB:DB00972,,,3,2,8,11,0.3,0.273
acetylmethadol_Opioid_dependence,DBDB01433_MESH_D009293_1083,acetylmethadol,Opioid dependence,acetylmethadol,Opioid dependence,MESH:D008692,MESH:D009293,DB:DB01433,,,3,2,5,8,0.5,0.375
chlorcyclizine_Vasomotor_rhinitis,DBDB08936_MESH_D012223_1091,chlorcyclizine,Vasomotor rhinitis,chlorcyclizine,Vasomotor rhinitis,MESH:C084597,MESH:D012223,DB:DB08936,,,3,2,3,6,0.5,0.5
Nabumetone_Arthritis_Rheumatoid,DBDB00461_MESH_D001172_1105,Nabumetone,"Arthritis, Rheumatoid",Nabumetone,"Arthritis, Rheumatoid",MESH:D000077430,MESH:D001172,DB:DB00461,,,5,4,4,9,0.714,0.556
Phenacemide_Epilepsy,DBDB01121_MESH_D004827_1126,Phenacemide,Epilepsy,Phenacemide,Epilepsy,MESH:C005396,MESH:D004827,DB:DB01121,,,3,2,2,5,0.6,0.6
Axitinib_Carcinoma_Renal_Cell,DBDB06626_MESH_D002292_1147,Axitinib,"Carcinoma, Renal Cell",Axitinib,"Carcinoma, Renal Cell",MESH:D000077784,MESH:D002292,DB:DB06626,,,6,5,1,7,1.0,0.857
Etanercept_Rheumatoid_arthritis,DBDB00005_MESH_D001172_1148,Etanercept,Rheumatoid arthritis,Etanercept,Rheumatoid arthritis,MESH:D000068800,MESH:D001172,DB:DB00005,,,3,2,4,7,0.429,0.429
Etanercept_Psoriasis_with_arthropathy,DBDB00005_MESH_D015535_1150,Etanercept,Psoriasis with arthropathy,Etanercept,Psoriasis with arthropathy,MESH:D000068800,MESH:D015535,DB:DB00005,,,3,2,4,7,0.429,0.429
Enalapril_Congestive_heart_failure,DBDB00584_MESH_D006333_1166,Enalapril,Congestive heart failure,Enalapril,Congestive heart failure,MESH:D004656,MESH:D006333,DB:DB00584,,,3,2,6,9,0.429,0.333
desloratadine_Vasomotor_rhinitis,DBDB00967_MESH_D012223_1236,desloratadine,Vasomotor rhinitis,desloratadine,Vasomotor rhinitis,MESH:C121345,MESH:D012223,DB:DB00967,,,3,2,3,6,0.5,0.5
enzalutamide_Malignant_tumor_of_prostate,DBDB08899_MESH_D011471_1243,enzalutamide,Malignant tumor of prostate,enzalutamide,Malignant tumor of prostate,MESH:C540278,MESH:D011471,DB:DB08899,,,3,2,4,7,0.5,0.429
Aspirin_Arthritis_Rheumatoid,DBDB00945_MESH_D001172_1251,Aspirin,"Arthritis, Rheumatoid",Aspirin,"Arthritis, Rheumatoid",MESH:D001241,MESH:D001172,DB:DB00945,,,5,4,2,7,0.833,0.714
lixisenatide_Diabetes_mellitus_type_2,DBDB09265_MESH_D003924_1281,lixisenatide,Diabetes mellitus type 2,lixisenatide,Diabetes mellitus type 2,MESH:C479460,MESH:D003924,DB:DB09265,,,3,2,4,8,0.375,0.375
imatinib_Pdgfra-Associated_Chronic_Eosi,DBDB00619_MESH_C580364_1338,imatinib,Pdgfra-Associated Chronic Eosinophilic Leukemia,imatinib,Pdgfra-Associated Chronic Eosinophilic Leukemia,MESH:D000068877,MESH:C580364,DB:DB00619,,,3,2,3,6,0.5,0.5
imatinib_Hypereosinophilic_Syndrome,DBDB00619_MESH_D017681_1339,imatinib,Hypereosinophilic Syndrome,imatinib,Hypereosinophilic Syndrome,MESH:D000068877,MESH:D017681,DB:DB00619,,,3,2,2,5,0.6,0.6
imatinib_Gastrointestinal_stromal_tumor,DBDB00619_MESH_D046152_1340,imatinib,Gastrointestinal stromal tumor,imatinib,Gastrointestinal stromal tumor,MESH:D000068877,MESH:D046152,DB:DB00619,,,4,3,5,9,0.5,0.444
Losartan_Hypertensive_disorder,DBDB00678_MESH_D006973_1355,Losartan,Hypertensive disorder,Losartan,Hypertensive disorder,MESH:D019808,MESH:D006973,DB:DB00678,,,3,2,3,6,0.6,0.5
Gliclazide_Diabetes_mellitus_type_2,DBDB01120_MESH_D003924_1365,Gliclazide,Diabetes mellitus type 2,Gliclazide,Diabetes mellitus type 2,MESH:D005907,MESH:D003924,DB:DB01120,,,3,2,5,8,0.429,0.375
Ranibizumab_Diabetic_retinopathy,DBDB01270_MESH_D003930_1366,Ranibizumab,Diabetic retinopathy,Ranibizumab,Diabetic retinopathy,MESH:D000069579,MESH:D003930,DB:DB01270,,,3,2,1,4,0.75,0.75
Troglitazone_Diabetes_Mellitus_Type_2,DBDB00197_MESH_D003924_1371,Troglitazone,"Diabetes Mellitus, Type 2",Troglitazone,"Diabetes Mellitus, Type 2",MESH:D000077288,MESH:D003924,DB:DB00197,,,4,3,4,8,0.667,0.5
temsirolimus_Carcinoma_Renal_Cell,DBDB06287_MESH_D002292_1375,temsirolimus,"Carcinoma, Renal Cell",temsirolimus,"Carcinoma, Renal Cell",MESH:C401859,MESH:D002292,DB:DB06287,,,3,2,3,6,0.6,0.5
Cerivastatin_Mixed_hyperlipidemia,DBDB00439_MESH_D006950_1394,Cerivastatin,Mixed hyperlipidemia,Cerivastatin,Mixed hyperlipidemia,MESH:C086276,MESH:D006950,DB:DB00439,,,3,2,2,5,0.6,0.6
Dutasteride_Benign_prostatic_hyperplasia,DBDB01126_MESH_D011470_1395,Dutasteride,Benign prostatic hyperplasia,Dutasteride,Benign prostatic hyperplasia,MESH:D000068538,MESH:D011470,DB:DB01126,,,3,2,2,5,0.75,0.6
dofetilide_Atrial_fibrillation,DBDB00204_MESH_D001281_1416,dofetilide,Atrial fibrillation,dofetilide,Atrial fibrillation,MESH:C063533,MESH:D001281,DB:DB00204,,,5,4,5,10,0.556,0.5
insulin_lispro_Diabetes_mellitus_type_2,DBDB00046_MESH_D003924_1423,insulin lispro,Diabetes mellitus type 2,insulin lispro,Diabetes mellitus type 2,MESH:D061268,MESH:D003924,DB:DB00046,,,3,2,3,6,0.6,0.5
epirubicin_Breast_Neoplasms,DBDB00445_MESH_D001943_1424,epirubicin,Breast Neoplasms,epirubicin,Breast Neoplasms,MESH:D015251,MESH:D001943,DB:DB00445,,,3,2,7,10,0.333,0.3
brigatinib_Non-small_cell_lung_cancer,DBDB12267_MESH_D002289_1448,brigatinib,Non-small cell lung cancer,brigatinib,Non-small cell lung cancer,MESH:C000598580,MESH:D002289,DB:DB12267,,,3,2,3,6,0.6,0.5
insulin_glulisine_Diabetes_Mellitus,DBDB01309_MESH_D003920_1455,insulin glulisine,Diabetes Mellitus,insulin glulisine,Diabetes Mellitus,MESH:C479079,MESH:D003920,DB:DB01309,,,3,2,5,8,0.429,0.375
Terfenadine_Rhinitis_Vasomotor,DBDB00342_MESH_D012223_1461,Terfenadine,"Rhinitis, Vasomotor",Terfenadine,"Rhinitis, Vasomotor",MESH:D016593,MESH:D012223,DB:DB00342,,,4,3,2,6,0.667,0.667
Piribedil_Parkinsonism,DBDB12478_MESH_D020734_1485,Piribedil,Parkinsonism,Piribedil,Parkinsonism,MESH:D010891,MESH:D020734,DB:DB12478,,,5,4,1,6,0.833,0.833
dexibuprofen_Rheumatoid_arthritis,DBDB09213_MESH_D001172_1489,dexibuprofen,Rheumatoid arthritis,dexibuprofen,Rheumatoid arthritis,MESH:C539402,MESH:D001172,DB:DB09213,,,5,4,3,8,0.714,0.625
Colecalciferol_Osteoporosis,DBDB00169_MESH_D010024_1509,Colecalciferol,Osteoporosis,Colecalciferol,Osteoporosis,MESH:D002762,MESH:D010024,DB:DB00169,,,3,2,6,9,0.375,0.333
Colecalciferol_Postmenopausal_osteoporosis,DBDB00169_MESH_D015663_1510,Colecalciferol,Postmenopausal osteoporosis,Colecalciferol,Postmenopausal osteoporosis,MESH:D002762,MESH:D015663,DB:DB00169,,,3,2,6,9,0.375,0.333
Colecalciferol_Rickets,DBDB00169_MESH_D012279_1513,Colecalciferol,Rickets,Colecalciferol,Rickets,MESH:D002762,MESH:D012279,DB:DB00169,,,3,2,2,5,0.6,0.6
oxybutynin_Neurogenic_bladder,DBDB01062_MESH_D001750_1527,oxybutynin,Neurogenic bladder,oxybutynin,Neurogenic bladder,MESH:C005419,MESH:D001750,DB:DB01062,,,3,2,4,7,0.429,0.429
Ivacaftor_Cystic_fibrosis_of_the_lung,DBDB08820_MESH_D003550_1532,Ivacaftor,Cystic fibrosis of the lung,Ivacaftor,Cystic fibrosis of the lung,MESH:C545203,MESH:D003550,DB:DB08820,,,3,2,0,3,1.0,1.0
diphenylpyraline_Rhinitis_Vasomotor,DBDB01146_MESH_D012223_1555,diphenylpyraline,"Rhinitis, Vasomotor",diphenylpyraline,"Rhinitis, Vasomotor",MESH:C009871,MESH:D012223,DB:DB01146,,,3,2,2,5,0.6,0.6
Bevacizumab_Glioblastoma_multiforme,DBDB00112_MESH_D005909_1583,Bevacizumab,Glioblastoma multiforme,Bevacizumab,Glioblastoma multiforme,MESH:D000068258,MESH:D005909,DB:DB00112,,,3,2,1,4,0.75,0.75
metharbital_Epilepsy,DBDB00463_MESH_D004827_1602,metharbital,Epilepsy,metharbital,Epilepsy,MESH:C084822,MESH:D004827,DB:DB00463,,,6,5,9,15,0.429,0.4
Pitavastatin_Mixed_hyperlipidemia,DBDB08860_MESH_D006950_1622,Pitavastatin,Mixed hyperlipidemia,Pitavastatin,Mixed hyperlipidemia,MESH:C108475,MESH:D006950,DB:DB08860,,,3,2,2,5,0.6,0.6
Flecainide_Atrial_Fibrillation,DBDB01195_MESH_D001281_1631,Flecainide,Atrial Fibrillation,Flecainide,Atrial Fibrillation,MESH:D005424,MESH:D001281,DB:DB01195,,,3,2,5,8,0.375,0.375
Insulin_Glargine_Diabetes_Mellitus_Type_2,DBDB00047_MESH_D003924_1633,Insulin Glargine,"Diabetes Mellitus, Type 2",Insulin Glargine,"Diabetes Mellitus, Type 2",MESH:D000069036,MESH:D003924,DB:DB00047,,,3,2,5,8,0.429,0.375
eptacog_alfa_activated_Factor_VII_deficiency,DBDB00036_MESH_D005168_1684,eptacog alfa (activated),Factor VII deficiency,eptacog alfa (activated),Factor VII deficiency,MESH:C103587,MESH:D005168,DB:DB00036,,,5,4,3,8,0.625,0.625
erlotinib_Non-small_cell_lung_cancer,DBDB00530_MESH_D002289_1689,erlotinib,Non-small cell lung cancer,erlotinib,Non-small cell lung cancer,MESH:D000069347,MESH:D002289,DB:DB00530,,,3,2,3,6,0.5,0.5
etodolac_Rheumatoid_arthritis,DBDB00749_MESH_D001172_1694,etodolac,Rheumatoid arthritis,etodolac,Rheumatoid arthritis,MESH:D017308,MESH:D001172,DB:DB00749,,,5,4,2,7,1.0,0.714
tripelennamine_Vasomotor_rhinitis,DBDB00792_MESH_D012223_1712,tripelennamine,Vasomotor rhinitis,tripelennamine,Vasomotor rhinitis,MESH:D014309,MESH:D012223,DB:DB00792,,,3,2,2,5,0.6,0.6
triprolidine_Vasomotor_rhinitis,DBDB00427_MESH_D012223_1719,triprolidine,Vasomotor rhinitis,triprolidine,Vasomotor rhinitis,MESH:D014311,MESH:D012223,DB:DB00427,,,3,2,2,5,0.6,0.6
norepinephrine_Asthma,DBDB00368_MESH_D001249_1723,norepinephrine,Asthma,norepinephrine,Asthma,MESH:D009638,MESH:D001249,DB:DB00368,,,3,2,3,6,0.5,0.5
norepinephrine_Low_blood_pressure,DBDB00368_MESH_D007022_1724,norepinephrine,Low blood pressure,norepinephrine,Low blood pressure,MESH:D009638,MESH:D007022,DB:DB00368,,,5,4,2,7,0.714,0.714
aripiprazole_Infantile_autism,DBDB01238_MESH_D001321_1766,aripiprazole,Infantile autism,aripiprazole,Infantile autism,MESH:D000068180,MESH:D001321,DB:DB01238,,,6,5,4,10,0.6,0.6
lisinopril_Myocardial_infarction,DBDB00722_MESH_D009203_1820,lisinopril,Myocardial infarction,lisinopril,Myocardial infarction,MESH:D017706,MESH:D009203,DB:DB00722,,,3,2,6,9,0.333,0.333
eptifibatide_Acute_coronary_syndrome,DBDB00063_MESH_D054058_1823,eptifibatide,Acute coronary syndrome,eptifibatide,Acute coronary syndrome,MESH:C086648,MESH:D054058,DB:DB00063,,,3,2,4,7,0.429,0.429
gefitinib_Non-small_cell_lung_cancer,DBDB00317_MESH_D002289_1828,gefitinib,Non-small cell lung cancer,gefitinib,Non-small cell lung cancer,MESH:C419708,MESH:D002289,DB:DB00317,,,3,2,3,6,0.5,0.5
Eprosartan_Hypertensive_disorder,DBDB00876_MESH_D006973_1832,Eprosartan,Hypertensive disorder,Eprosartan,Hypertensive disorder,MESH:C068373,MESH:D006973,DB:DB00876,,,3,2,3,6,0.6,0.5
Drostanolone_Breast_Neoplasms,DBDB00858_MESH_D001943_1853,Drostanolone,Breast Neoplasms,Drostanolone,Breast Neoplasms,MESH:C100263,MESH:D001943,DB:DB00858,,,3,2,2,5,0.6,0.6
melevodopa_Parkinsonism,DBDB01235_MESH_D020734_1867,melevodopa,Parkinsonism,melevodopa,Parkinsonism,MESH:C035420,MESH:D020734,DB:DB01235,,,6,5,4,10,0.6,0.6
tenofovir_alafenamide_Human_immunodeficiency_virus_i,DBDB09299_MESH_D015658_1880,tenofovir alafenamide,Human immunodeficiency virus infection,tenofovir alafenamide,Human immunodeficiency virus infection,MESH:C442442,MESH:D015658,DB:DB09299,,,3,2,4,7,0.75,0.429
Rofecoxib_Rheumatoid_arthritis,DBDB00533_MESH_D001172_1885,Rofecoxib,Rheumatoid arthritis,Rofecoxib,Rheumatoid arthritis,MESH:C116926,MESH:D001172,DB:DB00533,,,3,2,5,8,0.5,0.375
promethazine_Vasomotor_rhinitis,DBDB01069_MESH_D012223_1909,promethazine,Vasomotor rhinitis,promethazine,Vasomotor rhinitis,MESH:D011398,MESH:D012223,DB:DB01069,,,3,2,3,6,0.5,0.5
lobeglitazone_Diabetes_mellitus_type_2,DBDB09198_MESH_D003924_1923,lobeglitazone,Diabetes mellitus type 2,lobeglitazone,Diabetes mellitus type 2,MESH:C546215,MESH:D003924,DB:DB09198,,,3,2,3,6,0.6,0.5
methoxamine_Low_blood_pressure,DBDB00723_MESH_D007022_1928,methoxamine,Low blood pressure,methoxamine,Low blood pressure,MESH:D008729,MESH:D007022,DB:DB00723,,,4,3,1,5,0.8,0.8
golimumab_Ulcerative_colitis,DBDB06674_MESH_D003093_1930,golimumab,Ulcerative colitis,golimumab,Ulcerative colitis,MESH:C529000,MESH:D003093,DB:DB06674,,,3,2,2,5,0.6,0.6
golimumab_Psoriasis_with_arthropathy,DBDB06674_MESH_D015535_1931,golimumab,Psoriasis with arthropathy,golimumab,Psoriasis with arthropathy,MESH:C529000,MESH:D015535,DB:DB06674,,,3,2,2,5,0.6,0.6
golimumab_Rheumatoid_arthritis,DBDB06674_MESH_D001172_1932,golimumab,Rheumatoid arthritis,golimumab,Rheumatoid arthritis,MESH:C529000,MESH:D001172,DB:DB06674,,,3,2,4,7,0.429,0.429
flurbiprofen_Rheumatoid_arthritis,DBDB00712_MESH_D001172_1955,flurbiprofen,Rheumatoid arthritis,flurbiprofen,Rheumatoid arthritis,MESH:D005480,MESH:D001172,DB:DB00712,,,5,4,3,8,0.714,0.625
eldecalcitol_Osteoporosis,DBDB05295_MESH_D010024_1964,eldecalcitol,Osteoporosis,eldecalcitol,Osteoporosis,MESH:C547512,MESH:D010024,DB:DB05295,,,3,2,2,5,0.6,0.6
Diphenhydramine_Rhinitis_Vasomotor,DBDB01075_MESH_D012223_1977,Diphenhydramine,"Rhinitis, Vasomotor",Diphenhydramine,"Rhinitis, Vasomotor",MESH:D004155,MESH:D012223,DB:DB01075,,,4,3,2,6,0.667,0.667
paclitaxel_Carcinoma_of_breast,DBDB01229_MESH_D001943_1985,paclitaxel,Carcinoma of breast,paclitaxel,Carcinoma of breast,"MESH:D017239,MESH:D000068196",MESH:D001943,DB:DB01229,,,3,2,5,8,0.375,0.375
paclitaxel_Kaposi's_sarcoma,DBDB01229_MESH_D012514_1986,paclitaxel,Kaposi's sarcoma,paclitaxel,Kaposi's sarcoma,"MESH:D017239,MESH:D000068196",MESH:D012514,DB:DB01229,,,3,2,5,8,0.375,0.375
vilanterol_Asthma,DBDB09082_MESH_D001249_1995,vilanterol,Asthma,vilanterol,Asthma,MESH:C550468,MESH:D001249,DB:DB09082,,,3,2,4,7,0.6,0.429
dexchlorpheniramine_Vasomotor_rhinitis,DBDB09555_MESH_D012223_2019,dexchlorpheniramine,Vasomotor rhinitis,dexchlorpheniramine,Vasomotor rhinitis,MESH:C018904,MESH:D012223,DB:DB09555,,,3,2,3,6,0.5,0.5
tolmetin_Rheumatoid_arthritis,DBDB00500_MESH_D001172_2032,tolmetin,Rheumatoid arthritis,tolmetin,Rheumatoid arthritis,MESH:D014046,MESH:D001172,DB:DB00500,,,5,4,4,9,0.714,0.556
candesartan_cilexetil_Hypertensive_disorder,DBDB00796_MESH_D006973_2035,candesartan cilexetil,Hypertensive disorder,candesartan cilexetil,Hypertensive disorder,"MESH:C077793,MESH:C081643",MESH:D006973,DB:DB00796,,,3,2,3,6,0.6,0.5
calcitonin_salmon_synthetic_Postmenopausal_osteoporosis,DBDB00017_MESH_D015663_2073,calcitonin (salmon synthetic),Postmenopausal osteoporosis,calcitonin (salmon synthetic),Postmenopausal osteoporosis,MESH:C028815,MESH:D015663,DB:DB00017,,,3,2,5,8,0.5,0.375
sorafenib_Renal_cell_carcinoma,DBDB00398_MESH_D002292_2074,sorafenib,Renal cell carcinoma,sorafenib,Renal cell carcinoma,MESH:C471405,MESH:D002292,DB:DB00398,,,10,9,6,16,0.667,0.625
certolizumab_pegol_Rheumatoid_arthritis,DBDB08904_MESH_D001172_2088,certolizumab pegol,Rheumatoid arthritis,certolizumab pegol,Rheumatoid arthritis,MESH:D000068582,MESH:D001172,DB:DB08904,,,3,2,4,7,0.429,0.429
certolizumab_pegol_Psoriasis_with_arthropathy,DBDB08904_MESH_D015535_2089,certolizumab pegol,Psoriasis with arthropathy,certolizumab pegol,Psoriasis with arthropathy,MESH:D000068582,MESH:D015535,DB:DB08904,,,3,2,2,5,0.6,0.6
trifluridine_Malignant_tumor_of_colon,DBDB00432_MESH_D003110_2093,trifluridine,Malignant tumor of colon,trifluridine,Malignant tumor of colon,MESH:D014271,MESH:D003110,DB:DB00432,,,3,2,5,8,0.429,0.375
Meloxicam_Rheumatoid_arthritis,DBDB00814_MESH_D001172_2097,Meloxicam,Rheumatoid arthritis,Meloxicam,Rheumatoid arthritis,MESH:C065757,MESH:D001172,DB:DB00814,,,3,2,5,8,0.5,0.375
Alclofenac_Rheumatoid_arthritis,DBDB13167_MESH_D001172_2111,Alclofenac,Rheumatoid arthritis,Alclofenac,Rheumatoid arthritis,MESH:C084615,MESH:D001172,DB:DB13167,,,3,2,5,8,0.5,0.375
midostaurin_Mast_cell_leukemia,DBDB06595_MESH_D007946_2131,midostaurin,Mast cell leukemia,midostaurin,Mast cell leukemia,MESH:C059539,MESH:D007946,DB:DB06595,,,6,5,6,12,0.5,0.5
sulfasalazine_Rheumatoid_arthritis,DBDB00795_MESH_D001172_2144,sulfasalazine,Rheumatoid arthritis,sulfasalazine,Rheumatoid arthritis,MESH:D012460,MESH:D001172,DB:DB00795,,,5,4,6,11,0.556,0.455
loratadine_Vasomotor_rhinitis,DBDB00455_MESH_D012223_2156,loratadine,Vasomotor rhinitis,loratadine,Vasomotor rhinitis,MESH:D017336,MESH:D012223,DB:DB00455,,,3,2,2,5,0.6,0.6
pegvisomant_Acromegaly,DBDB00082_MESH_D000172_2196,pegvisomant,Acromegaly,pegvisomant,Acromegaly,MESH:C406545,MESH:D000172,DB:DB00082,,,4,3,1,5,0.8,0.8
diclofenac_Rheumatoid_arthritis,DBDB00586_MESH_D001172_2200,diclofenac,Rheumatoid arthritis,diclofenac,Rheumatoid arthritis,"MESH:C064142,MESH:D004008,MESH:C000614065",MESH:D001172,DB:DB00586,,,5,4,3,8,0.714,0.625
dihydrotachysterol_Rickets,DBDB01070_MESH_D012279_2210,dihydrotachysterol,Rickets,dihydrotachysterol,Rickets,MESH:D004097,MESH:D012279,DB:DB01070,,,3,2,3,6,0.5,0.5
sulindac_Rheumatoid_arthritis,DBDB00605_MESH_D001172_2233,sulindac,Rheumatoid arthritis,sulindac,Rheumatoid arthritis,MESH:D013467,MESH:D001172,DB:DB00605,,,5,4,3,8,0.714,0.625
sunitinib_Gastrointestinal_stromal_tumor,DBDB01268_MESH_D046152_2255,sunitinib,Gastrointestinal stromal tumor,sunitinib,Gastrointestinal stromal tumor,MESH:C473478,MESH:D046152,DB:DB01268,,,10,9,3,13,0.833,0.769
sunitinib_Renal_cell_carcinoma,DBDB01268_MESH_D002292_2256,sunitinib,Renal cell carcinoma,sunitinib,Renal cell carcinoma,MESH:C473478,MESH:D002292,DB:DB01268,,,10,9,3,13,0.833,0.769
tipiracil_Malignant_tumor_of_colon,DBDB09343_MESH_D003110_2273,tipiracil,Malignant tumor of colon,tipiracil,Malignant tumor of colon,MESH:C000613754,MESH:D003110,DB:DB09343,,,3,2,1,4,0.75,0.75
carbidopa_Parkinsonism,DBDB00190_MESH_D020734_2276,carbidopa,Parkinsonism,carbidopa,Parkinsonism,MESH:D002230,MESH:D020734,DB:DB00190,,,3,2,2,5,0.6,0.6
mephentermine_Low_blood_pressure,DBDB01365_MESH_D007022_2290,mephentermine,Low blood pressure,mephentermine,Low blood pressure,MESH:D008616,MESH:D007022,DB:DB01365,,,5,4,4,9,0.556,0.556
albiglutide_Diabetes_mellitus_type_2,DBDB09043_MESH_D003924_2292,albiglutide,Diabetes mellitus type 2,albiglutide,Diabetes mellitus type 2,MESH:C534611,MESH:D003924,DB:DB09043,,,3,2,4,7,0.5,0.429
Phenindamine_Vasomotor_rhinitis,DBDB01619_MESH_D012223_2302,Phenindamine,Vasomotor rhinitis,Phenindamine,Vasomotor rhinitis,MESH:C005430,MESH:D012223,DB:DB01619,,,3,2,2,5,0.6,0.6
norethindrone_acetate_Endometriosis,DBDB00717_MESH_D004715_2330,norethindrone acetate,Endometriosis,norethindrone acetate,Endometriosis,MESH:C024262,MESH:D004715,DB:DB00717,,,4,3,2,6,0.667,0.667
chlorpropamide_Diabetes_mellitus_type_2,DBDB00672_MESH_D003924_2352,chlorpropamide,Diabetes mellitus type 2,chlorpropamide,Diabetes mellitus type 2,MESH:D002747,MESH:D003924,DB:DB00672,,,3,2,5,8,0.375,0.375
denosumab_Postmenopausal_osteoporosis,DBDB06643_MESH_D015663_2377,denosumab,Postmenopausal osteoporosis,denosumab,Postmenopausal osteoporosis,MESH:D000069448,MESH:D015663,DB:DB06643,,,3,2,2,5,0.6,0.6
denosumab_Osteoporosis,DBDB06643_MESH_D010024_2378,denosumab,Osteoporosis,denosumab,Osteoporosis,MESH:D000069448,MESH:D010024,DB:DB06643,,,3,2,2,5,0.6,0.6
aceclofenac_Rheumatoid_arthritis,DBDB06736_MESH_D001172_2383,aceclofenac,Rheumatoid arthritis,aceclofenac,Rheumatoid arthritis,MESH:C056498,MESH:D001172,DB:DB06736,,,5,4,3,8,0.714,0.625
celecoxib_Rheumatoid_arthritis,DBDB00482_MESH_D001172_2396,celecoxib,Rheumatoid arthritis,celecoxib,Rheumatoid arthritis,MESH:D000068579,MESH:D001172,DB:DB00482,,,3,2,4,7,0.5,0.429
methotrexate_Burkitt's_lymphoma,DBDB00563_MESH_D002051_2405,methotrexate,Burkitt's lymphoma,methotrexate,Burkitt's lymphoma,MESH:D008727,MESH:D002051,DB:DB00563,,,4,3,7,11,0.4,0.364
methotrexate_Malignant_tumor_of_lung,DBDB00563_MESH_D008175_2406,methotrexate,Malignant tumor of lung,methotrexate,Malignant tumor of lung,MESH:D008727,MESH:D008175,DB:DB00563,,,4,3,7,11,0.4,0.364
methotrexate_Rheumatoid_arthritis,DBDB00563_MESH_D001172_2410,methotrexate,Rheumatoid arthritis,methotrexate,Rheumatoid arthritis,MESH:D008727,MESH:D001172,DB:DB00563,,,3,2,7,10,0.429,0.3
gabapentin_enacarbil_Restless_legs,DBDB08872_MESH_D012148_2425,gabapentin enacarbil,Restless legs,gabapentin enacarbil,Restless legs,MESH:C493250,MESH:D012148,DB:DB08872,,,4,3,4,8,0.5,0.5
Progesterone_Endometriosis,DBDB00396_MESH_D004715_2429,Progesterone,Endometriosis,Progesterone,Endometriosis,MESH:D011374,MESH:D004715,DB:DB00396,,,3,2,3,6,0.5,0.5
Progesterone_Endometrial_carcinoma,DBDB00396_MESH_D016889_2431,Progesterone,Endometrial carcinoma,Progesterone,Endometrial carcinoma,MESH:D011374,MESH:D016889,DB:DB00396,,,3,2,3,6,0.5,0.5
migalastat_Fabry_Disease,DBDB05018_MESH_D000795_2469,migalastat,Fabry Disease,migalastat,Fabry Disease,MESH:C090092,MESH:D000795,DB:DB05018,,,3,2,2,5,0.75,0.6
orciprenaline_Asthma,DBDB00816_MESH_D001249_2478,orciprenaline,Asthma,orciprenaline,Asthma,MESH:D009921,MESH:D001249,DB:DB00816,,,3,2,4,7,0.6,0.429
ibuprofen_Rheumatoid_arthritis,DBDB01050_MESH_D001172_2487,ibuprofen,Rheumatoid arthritis,ibuprofen,Rheumatoid arthritis,"MESH:C016106,MESH:D007052",MESH:D001172,DB:DB01050,,,5,4,3,8,0.714,0.625
docetaxel_Malignant_tumor_of_prostate,DBDB01248_MESH_D011471_2489,docetaxel,Malignant tumor of prostate,docetaxel,Malignant tumor of prostate,MESH:C067311,MESH:D011471,DB:DB01248,,,3,2,5,8,0.375,0.375
docetaxel_Carcinoma_of_breast,DBDB01248_MESH_D001943_2491,docetaxel,Carcinoma of breast,docetaxel,Carcinoma of breast,MESH:C067311,MESH:D001943,DB:DB01248,,,3,2,5,8,0.375,0.375
dexamfetamine_Attention_deficit_hyperactivit,DBDB01576_MESH_D001289_2496,dexamfetamine,Attention deficit hyperactivity disorder,dexamfetamine,Attention deficit hyperactivity disorder,MESH:D003913,MESH:D001289,DB:DB01576,,,7,6,5,12,0.636,0.583
diphenoxylate_Diarrhea,DBDB01081_MESH_D003967_2517,diphenoxylate,Diarrhea,diphenoxylate,Diarrhea,MESH:D004157,MESH:D003967,DB:DB01081,,,3,2,2,5,0.6,0.6
pirbuterol_Asthma,DBDB01291_MESH_D001249_2532,pirbuterol,Asthma,pirbuterol,Asthma,MESH:C009118,MESH:D001249,DB:DB01291,,,3,2,4,7,0.6,0.429
Captopril_Diabetic_renal_disease,DBDB01197_MESH_D003928_2551,Captopril,Diabetic renal disease,Captopril,Diabetic renal disease,MESH:D002216,MESH:D003928,DB:DB01197,,,3,2,6,9,0.429,0.333
mitiglinide_Diabetes_mellitus_type_2,DBDB01252_MESH_D003924_2593,mitiglinide,Diabetes mellitus type 2,mitiglinide,Diabetes mellitus type 2,MESH:C087255,MESH:D003924,DB:DB01252,,,3,2,2,5,0.6,0.6
nateglinide_Diabetes_mellitus_type_2,DBDB00731_MESH_D003924_2611,nateglinide,Diabetes mellitus type 2,nateglinide,Diabetes mellitus type 2,MESH:C060142,MESH:D003924,DB:DB00731,,,3,2,5,8,0.375,0.375
tretinoin_Acute_promyelocytic_leukemia_F,DBDB00755_MESH_D015473_2662,tretinoin,"Acute promyelocytic leukemia, FAB M3",tretinoin,"Acute promyelocytic leukemia, FAB M3",MESH:D014212,MESH:D015473,DB:DB00755,,,4,3,2,6,0.667,0.667
thalidomide_Multiple_myeloma,DBDB01041_MESH_D009101_2666,thalidomide,Multiple myeloma,thalidomide,Multiple myeloma,MESH:D013792,MESH:D009101,DB:DB01041,,,3,2,11,14,0.231,0.214
secobarbital_Epilepsy,DBDB00418_MESH_D004827_2672,secobarbital,Epilepsy,secobarbital,Epilepsy,MESH:D012631,MESH:D004827,DB:DB00418,,,6,5,6,12,0.5,0.5
sirolimus_Renal_cell_carcinoma,DBDB00877_MESH_D002292_2673,sirolimus,Renal cell carcinoma,sirolimus,Renal cell carcinoma,MESH:D020123,MESH:D002292,DB:DB00877,,,3,2,2,5,0.6,0.6
Rosuvastatin_Mixed_hyperlipidemia,DBDB01098_MESH_D006950_2695,Rosuvastatin,Mixed hyperlipidemia,Rosuvastatin,Mixed hyperlipidemia,MESH:D000068718,MESH:D006950,DB:DB01098,,,3,2,5,8,0.429,0.375
alectinib_Non-small_cell_lung_cancer,DBDB11363_MESH_D002289_2706,alectinib,Non-small cell lung cancer,alectinib,Non-small cell lung cancer,MESH:C582670,MESH:D002289,DB:DB11363,,,3,2,5,8,0.429,0.375
insulin_degludec_Diabetes_mellitus,DBDB09564_MESH_D003920_2727,insulin degludec,Diabetes mellitus,insulin degludec,Diabetes mellitus,MESH:C571886,MESH:D003920,DB:DB09564,,,3,2,3,6,0.5,0.5
tolbutamide_Diabetes_mellitus_type_2,DBDB01124_MESH_D003924_2737,tolbutamide,Diabetes mellitus type 2,tolbutamide,Diabetes mellitus type 2,MESH:D014044,MESH:D003924,DB:DB01124,,,3,2,5,8,0.429,0.375
ceritinib_Non-small_cell_lung_cancer,DBDB09063_MESH_D002289_2748,ceritinib,Non-small cell lung cancer,ceritinib,Non-small cell lung cancer,MESH:C586847,MESH:D002289,DB:DB09063,,,3,2,1,4,0.75,0.75
indomethacin_Rheumatoid_arthritis,DBDB00328_MESH_D001172_2754,indomethacin,Rheumatoid arthritis,indomethacin,Rheumatoid arthritis,MESH:D007213,MESH:D001172,DB:DB00328,,,5,4,2,7,0.833,0.714
pravastatin_Mixed_hyperlipidemia,DBDB00175_MESH_D006950_2837,pravastatin,Mixed hyperlipidemia,pravastatin,Mixed hyperlipidemia,MESH:D017035,MESH:D006950,DB:DB00175,,,3,2,5,8,0.429,0.375
ruxolitinib_Polycythemia_vera,DBDB08877_MESH_D011087_2854,ruxolitinib,Polycythemia vera,ruxolitinib,Polycythemia vera,MESH:C540383,MESH:D011087,DB:DB08877,,,6,5,2,8,0.75,0.75
gimeracil_Malignant_tumor_of_stomach,DBDB09257_MESH_D013274_2855,gimeracil,Malignant tumor of stomach,gimeracil,Malignant tumor of stomach,MESH:C104201,MESH:D013274,DB:DB09257,,,3,2,1,4,0.75,0.75
insulin_human_Diabetes_mellitus_type_2,DBDB00030_MESH_D003924_2879,insulin human,Diabetes mellitus type 2,insulin human,Diabetes mellitus type 2,MESH:D007328,MESH:D003924,DB:DB00030,,,3,2,3,6,0.5,0.5
bupropion_Nicotine_dependence,DBDB01156_MESH_D014029_2911,bupropion,Nicotine dependence,bupropion,Nicotine dependence,MESH:D016642,MESH:D014029,DB:DB01156,,,3,2,7,10,0.3,0.3
tiaprofenic_acid_Rheumatoid_arthritis,DBDB01600_MESH_D001172_2916,tiaprofenic acid,Rheumatoid arthritis,tiaprofenic acid,Rheumatoid arthritis,MESH:C021270,MESH:D001172,DB:DB01600,,,5,4,1,6,1.0,0.833
brentuximab_vedotin_Hodgkin's_disease,DBDB08870_MESH_D006689_2917,brentuximab vedotin,Hodgkin's disease,brentuximab vedotin,Hodgkin's disease,MESH:C547738,MESH:D006689,DB:DB08870,,,3,2,3,6,0.75,0.5
Thiopental_Epilepsy,DBDB00599_MESH_D004827_2943,Thiopental,Epilepsy,Thiopental,Epilepsy,MESH:D013874,MESH:D004827,DB:DB00599,,,6,5,6,12,0.5,0.5
Finasteride_Benign_prostatic_hyperplasia,DBDB01126_MESH_D011470_2954,Finasteride,Benign prostatic hyperplasia,Finasteride,Benign prostatic hyperplasia,MESH:D018120,MESH:D011470,DB:DB01126,,,3,2,1,4,1.0,0.75
pazopanib_Renal_cell_carcinoma,DBDB06589_MESH_D002292_2958,pazopanib,Renal cell carcinoma,pazopanib,Renal cell carcinoma,MESH:C516667,MESH:D002292,DB:DB06589,,,6,5,5,11,0.545,0.545
antazoline_Vasomotor_rhinitis_2,DBDB08799_MESH_D012223_2964,antazoline,Vasomotor rhinitis,antazoline,Vasomotor rhinitis,MESH:D000865,MESH:D012223,DB:DB08799,,,3,2,3,6,0.75,0.5
cetuximab_Malignant_tumor_of_colon,DBDB00002_MESH_D003110_2967,cetuximab,Malignant tumor of colon,cetuximab,Malignant tumor of colon,MESH:D000068818,MESH:D003110,DB:DB00002,,,3,2,3,6,0.5,0.5
calcifediol_Renal_osteodystrophy,DBDB00146_MESH_D012080_2968,calcifediol,Renal osteodystrophy,calcifediol,Renal osteodystrophy,MESH:D002112,MESH:D012080,DB:DB00146,,,4,3,4,8,0.5,0.5
calcifediol_Hypophosphatemia,DBDB00146_MESH_D017674_2970,calcifediol,Hypophosphatemia,calcifediol,Hypophosphatemia,MESH:D002112,MESH:D017674,DB:DB00146,,,4,3,3,7,0.571,0.571
calcifediol_Rickets,DBDB00146_MESH_D012279_2971,calcifediol,Rickets,calcifediol,Rickets,MESH:D002112,MESH:D012279,DB:DB00146,,,4,3,3,7,0.571,0.571
lenalidomide_Multiple_myeloma,DBDB00480_MESH_D009101_2991,lenalidomide,Multiple myeloma,lenalidomide,Multiple myeloma,MESH:C467567,MESH:D009101,DB:DB00480,,,3,2,10,13,0.231,0.231
fluorouracil_Malignant_tumor_of_stomach,DBDB00544_MESH_D013274_3013,fluorouracil,Malignant tumor of stomach,fluorouracil,Malignant tumor of stomach,MESH:D005472,MESH:D013274,DB:DB00544,,,3,2,4,7,0.6,0.429
fluorouracil_Malignant_tumor_of_colon,DBDB00544_MESH_D003110_3014,fluorouracil,Malignant tumor of colon,fluorouracil,Malignant tumor of colon,MESH:D005472,MESH:D003110,DB:DB00544,,,3,2,4,7,0.6,0.429
Medroxyprogesterone_Endometrial_carcinoma,DBDB00603_MESH_D016889_3015,Medroxyprogesterone,Endometrial carcinoma,Medroxyprogesterone,Endometrial carcinoma,MESH:D008525,MESH:D016889,DB:DB00603,,,3,2,3,6,0.5,0.5
Medroxyprogesterone_Endometriosis,DBDB00603_MESH_D004715_3018,Medroxyprogesterone,Endometriosis,Medroxyprogesterone,Endometriosis,MESH:D008525,MESH:D004715,DB:DB00603,,,3,2,3,6,0.5,0.5
telmisartan_Hypertensive_disorder,DBDB00966_MESH_D006973_3021,telmisartan,Hypertensive disorder,telmisartan,Hypertensive disorder,MESH:C084178,MESH:D006973,DB:DB00966,,,3,2,4,7,0.5,0.429
vernakalant_Atrial_fibrillation,DBDB06217_MESH_D001281_3029,vernakalant,Atrial fibrillation,vernakalant,Atrial fibrillation,MESH:C524581,MESH:D001281,DB:DB06217,,,5,4,1,6,0.833,0.833
chlorphenamine_Vasomotor_rhinitis,DBDB01114_MESH_D012223_3039,chlorphenamine,Vasomotor rhinitis,chlorphenamine,Vasomotor rhinitis,MESH:D002744,MESH:D012223,DB:DB01114,,,4,3,2,6,1.0,0.667
cabozantinib_Renal_cell_carcinoma,DBDB08875_MESH_D002292_3045,cabozantinib,Renal cell carcinoma,cabozantinib,Renal cell carcinoma,MESH:C558660,MESH:D002292,DB:DB08875,,,6,5,2,8,0.75,0.75
cetirizine_Vasomotor_rhinitis,DBDB00341_MESH_D012223_3081,cetirizine,Vasomotor rhinitis,cetirizine,Vasomotor rhinitis,MESH:D017332,MESH:D012223,DB:DB00341,,,3,2,4,7,0.429,0.429
lovastatin_Mixed_hyperlipidemia,DBDB00227_MESH_D006950_3101,lovastatin,Mixed hyperlipidemia,lovastatin,Mixed hyperlipidemia,MESH:D008148,MESH:D006950,DB:DB00227,,,3,2,5,8,0.6,0.375
ustekinumab_Psoriasis,DBDB05679_MESH_D011565_3111,ustekinumab,Psoriasis,ustekinumab,Psoriasis,MESH:D000069549,MESH:D011565,DB:DB05679,,,3,2,3,6,0.5,0.5
ustekinumab_Psoriasis_with_arthropathy,DBDB05679_MESH_D015535_3112,ustekinumab,Psoriasis with arthropathy,ustekinumab,Psoriasis with arthropathy,MESH:D000069549,MESH:D015535,DB:DB05679,,,3,2,3,6,0.5,0.5
alirocumab_Atherosclerosis,DBDB09302_MESH_D050197_3113,alirocumab,Atherosclerosis,alirocumab,Atherosclerosis,MESH:C571059,MESH:D050197,DB:DB09302,,,3,2,3,6,0.5,0.5
piroxicam_Rheumatoid_arthritis,DBDB00554_MESH_D001172_3116,piroxicam,Rheumatoid arthritis,piroxicam,Rheumatoid arthritis,MESH:D010894,MESH:D001172,DB:DB00554,,,4,3,4,8,0.667,0.5
valsartan_Hypertensive_disorder,DBDB00177_MESH_D006973_3126,valsartan,Hypertensive disorder,valsartan,Hypertensive disorder,MESH:D000068756,MESH:D006973,DB:DB00177,,,3,2,5,8,0.375,0.375
salicylic_acid_Rheumatoid_arthritis,DBDB00936_MESH_D001172_3163,salicylic acid,Rheumatoid arthritis,salicylic acid,Rheumatoid arthritis,MESH:D020156,MESH:D001172,DB:DB00936,,,5,4,2,7,0.714,0.714
glipizide_Diabetes_mellitus_type_2,DBDB01067_MESH_D003924_3174,glipizide,Diabetes mellitus type 2,glipizide,Diabetes mellitus type 2,MESH:D005913,MESH:D003924,DB:DB01067,,,4,3,1,5,0.8,0.8
ramipril_Cerebrovascular_accident,DBDB00178_MESH_D020521_3185,ramipril,Cerebrovascular accident,ramipril,Cerebrovascular accident,MESH:D017257,MESH:D020521,DB:DB00178,,,3,2,4,7,0.5,0.429
doxylamine_Vasomotor_rhinitis,DBDB00366_MESH_D012223_3208,doxylamine,Vasomotor rhinitis,doxylamine,Vasomotor rhinitis,MESH:D004319,MESH:D012223,DB:DB00366,,,3,2,2,5,0.6,0.6
fluvastatin_Mixed_hyperlipidemia,DBDB01095_MESH_D006950_3214,fluvastatin,Mixed hyperlipidemia,fluvastatin,Mixed hyperlipidemia,MESH:C065180,MESH:D006950,DB:DB01095,,,3,2,4,7,0.6,0.429
tamibarotene_Acute_promyelocytic_leukemia_F,DBDB04942_MESH_D015473_3223,tamibarotene,"Acute promyelocytic leukemia, FAB M3",tamibarotene,"Acute promyelocytic leukemia, FAB M3",MESH:C061133,MESH:D015473,DB:DB04942,,,4,3,1,5,0.8,0.8
repaglinide_Diabetes_mellitus_type_2,DBDB00912_MESH_D003924_3243,repaglinide,Diabetes mellitus type 2,repaglinide,Diabetes mellitus type 2,MESH:C072379,MESH:D003924,DB:DB00912,,,3,2,2,5,0.6,0.6
fenoprofen_Rheumatoid_arthritis,DBDB00573_MESH_D001172_3265,fenoprofen,Rheumatoid arthritis,fenoprofen,Rheumatoid arthritis,MESH:D005279,MESH:D001172,DB:DB00573,,,4,3,4,8,0.667,0.5
loxoprofen_Rheumatoid_arthritis,DBDB09212_MESH_D001172_3275,loxoprofen,Rheumatoid arthritis,loxoprofen,Rheumatoid arthritis,MESH:C040656,MESH:D001172,DB:DB09212,,,4,3,4,8,0.667,0.5
primidone_Simple_partial_seizure,DBDB00794_MESH_D004828_3290,primidone,Simple partial seizure,primidone,Simple partial seizure,MESH:D011324,MESH:D004828,DB:DB00794,,,3,2,6,9,0.429,0.333
primidone_Epilepsy,DBDB00794_MESH_D004827_3291,primidone,Epilepsy,primidone,Epilepsy,MESH:D011324,MESH:D004827,DB:DB00794,,,3,2,6,9,0.429,0.333
primidone_Tonic-clonic_seizure,DBDB00794_MESH_D012640_3292,primidone,Tonic-clonic seizure,primidone,Tonic-clonic seizure,MESH:D011324,MESH:D012640,DB:DB00794,,,3,2,6,9,0.429,0.333
primidone_Lennox-Gastaut_syndrome,DBDB00794_MESH_D065768_3293,primidone,Lennox-Gastaut syndrome,primidone,Lennox-Gastaut syndrome,MESH:D011324,MESH:D065768,DB:DB00794,,,3,2,6,9,0.429,0.333
primidone_Tonic-clonic_epilepsy,DBDB00794_MESH_D004830_3294,primidone,Tonic-clonic epilepsy,primidone,Tonic-clonic epilepsy,MESH:D011324,MESH:D004830,DB:DB00794,,,3,2,6,9,0.429,0.333
doxepin_Anxiety,DBDB01142_MESH_D001007_3302,doxepin,Anxiety,doxepin,Anxiety,MESH:D004316,MESH:D001007,DB:DB01142,,,4,3,6,10,0.444,0.4
megestrol_acetate_Endometrial_carcinoma,DBDB00351_MESH_D016889_3308,megestrol acetate,Endometrial carcinoma,megestrol acetate,Endometrial carcinoma,MESH:D008535,MESH:D016889,DB:DB00351,,,3,2,5,8,0.375,0.375
azatadine_Vasomotor_rhinitis,DBDB00719_MESH_D012223_3314,azatadine,Vasomotor rhinitis,azatadine,Vasomotor rhinitis,MESH:C006656,MESH:D012223,DB:DB00719,,,3,2,3,6,0.5,0.5
tasosartan_Hypertensive_disorder,DBDB01349_MESH_D006973_3318,tasosartan,Hypertensive disorder,tasosartan,Hypertensive disorder,MESH:C086167,MESH:D006973,DB:DB01349,,,3,2,10,13,0.273,0.231
olmutinib_Non-small_cell_lung_cancer,DBDB13164_MESH_D002289_3324,olmutinib,Non-small cell lung cancer,olmutinib,Non-small cell lung cancer,MESH:C000617753,MESH:D002289,DB:DB13164,,,3,2,3,6,0.5,0.5
flutamide_Malignant_tumor_of_prostate,DBDB00499_MESH_D011471_3327,flutamide,Malignant tumor of prostate,flutamide,Malignant tumor of prostate,MESH:D005485,MESH:D011471,DB:DB00499,,,3,2,4,7,0.5,0.429
glibenclamide_Diabetes_mellitus_type_2,DBDB01016_MESH_D003924_3340,glibenclamide,Diabetes mellitus type 2,glibenclamide,Diabetes mellitus type 2,MESH:D005905,MESH:D003924,DB:DB01016,,,4,3,4,8,0.5,0.5
insulin_aspart_Diabetes_mellitus,DBDB01306_MESH_D003920_3361,insulin aspart,Diabetes mellitus,insulin aspart,Diabetes mellitus,MESH:D061267,MESH:D003920,DB:DB01306,,,3,2,5,8,0.429,0.375
phenobarbital_Epilepsy,DBDB01174_MESH_D004827_3380,phenobarbital,Epilepsy,phenobarbital,Epilepsy,MESH:D010634,MESH:D004827,DB:DB01174,,,6,5,6,12,0.5,0.5
phenobarbital_Tonic-clonic_seizure,DBDB01174_MESH_D012640_3382,phenobarbital,Tonic-clonic seizure,phenobarbital,Tonic-clonic seizure,MESH:D010634,MESH:D012640,DB:DB01174,,,6,5,6,12,0.5,0.5
phenobarbital_Simple_partial_seizure,DBDB01174_MESH_D004828_3383,phenobarbital,Simple partial seizure,phenobarbital,Simple partial seizure,MESH:D010634,MESH:D004828,DB:DB01174,,,6,5,6,12,0.5,0.5
dronedarone_Atrial_fibrillation,DBDB04855_MESH_D001281_3403,dronedarone,Atrial fibrillation,dronedarone,Atrial fibrillation,MESH:C118667,MESH:D001281,DB:DB04855,,,3,2,5,8,0.5,0.375
ramucirumab_Non-small_cell_lung_cancer,DBDB05578_MESH_D002289_3404,ramucirumab,Non-small cell lung cancer,ramucirumab,Non-small cell lung cancer,MESH:C543333,MESH:D002289,DB:DB05578,,,3,2,1,4,0.75,0.75
allopurinol_Gout,DBDB00437_MESH_D006073_3412,allopurinol,Gout,allopurinol,Gout,MESH:D000493,MESH:D006073,DB:DB00437,,,3,2,2,5,0.6,0.6
allopurinol_Hyperuricemia,DBDB00437_MESH_D033461_3414,allopurinol,Hyperuricemia,allopurinol,Hyperuricemia,MESH:D000493,MESH:D033461,DB:DB00437,,,3,2,2,5,0.6,0.6
clomifene_Female_infertility,DBDB00882_MESH_D007247_3436,clomifene,Female infertility,clomifene,Female infertility,MESH:D002996,MESH:D007247,DB:DB00882,,,3,2,4,7,0.75,0.429
icotinib_Non-small_cell_lung_cancer,DBDB11737_MESH_D002289_3455,icotinib,Non-small cell lung cancer,icotinib,Non-small cell lung cancer,MESH:C531470,MESH:D002289,DB:DB11737,,,3,2,3,6,0.5,0.5
metirosine_Pheochromocytoma,DBDB00765_MESH_D010673_3467,metirosine,Pheochromocytoma,metirosine,Pheochromocytoma,MESH:D019805,MESH:D010673,DB:DB00765,,,3,2,6,9,0.5,0.333
cyclizine_Vasomotor_rhinitis,DBDB01176_MESH_D012223_3495,cyclizine,Vasomotor rhinitis,cyclizine,Vasomotor rhinitis,MESH:D003501,MESH:D012223,DB:DB01176,,,3,2,3,6,0.5,0.5
carbinoxamine_Rhinitis_Vasomotor,DBDB00748_MESH_D012223_3508,carbinoxamine,"Rhinitis, Vasomotor",carbinoxamine,"Rhinitis, Vasomotor",MESH:C004649,MESH:D012223,DB:DB00748,,,3,2,3,6,0.5,0.5
risperidone_Autistic_Disorder,DBDB00734_MESH_D001321_3536,risperidone,Autistic Disorder,risperidone,Autistic Disorder,MESH:D018967,MESH:D001321,DB:DB00734,,,4,3,4,8,0.5,0.5
salicylsalicylic_acid_Arthritis_Rheumatoid,DBDB01399_MESH_D001172_3538,salicylsalicylic acid,"Arthritis, Rheumatoid",salicylsalicylic acid,"Arthritis, Rheumatoid",MESH:C014182,MESH:D001172,DB:DB01399,,,5,4,2,7,0.714,0.714
tolazamide_Diabetes_Mellitus_Type_2,DBDB00839_MESH_D003924_3540,tolazamide,"Diabetes Mellitus, Type 2",tolazamide,"Diabetes Mellitus, Type 2",MESH:D014042,MESH:D003924,DB:DB00839,,,4,3,2,6,0.667,0.667
octatropine_methylbromide_Stomach_Ulcer,DBDB00517_MESH_D013276_3561,octatropine methylbromide,Stomach Ulcer,octatropine methylbromide,Stomach Ulcer,MESH:C100237,MESH:D013276,DB:DB00517,,,3,2,7,10,0.3,0.3
atorvastatin_Hyperlipidemia_Familial_Combin,DBDB01076_MESH_D006950_3570,atorvastatin,"Hyperlipidemia, Familial Combined",atorvastatin,"Hyperlipidemia, Familial Combined",MESH:D000069059,MESH:D006950,DB:DB01076,,,3,2,5,8,0.429,0.375
ergocalciferol_Postmenopausal_osteoporosis,DBDB00153_MESH_D015663_3673,ergocalciferol,Postmenopausal osteoporosis,ergocalciferol,Postmenopausal osteoporosis,,MESH:D015663,DB:DB00153,,,3,2,7,10,0.375,0.3
ergocalciferol_Rickets,DBDB00153_MESH_D012279_3677,ergocalciferol,Rickets,ergocalciferol,Rickets,,MESH:D012279,DB:DB00153,,,3,2,3,6,0.6,0.5
ergocalciferol_Osteoporosis,DBDB00153_MESH_D010024_3680,ergocalciferol,Osteoporosis,ergocalciferol,Osteoporosis,,MESH:D010024,DB:DB00153,,,3,2,7,10,0.375,0.3
carbimazole_Hyperthyroidism,DBDB00389_MESH_D006980_3682,carbimazole,Hyperthyroidism,carbimazole,Hyperthyroidism,MESH:D002231,MESH:D006980,DB:DB00389,,,4,3,1,5,0.8,0.8
carbimazole_Graves'_disease,DBDB00389_MESH_D006111_3683,carbimazole,Graves' disease,carbimazole,Graves' disease,MESH:D002231,MESH:D006111,DB:DB00389,,,4,3,2,6,0.667,0.667
Olmesartan_Medoxomil_Hypertensive_disorder,DBDB00275_MESH_D006973_3689,Olmesartan Medoxomil,Hypertensive disorder,Olmesartan Medoxomil,Hypertensive disorder,MESH:D000068557,MESH:D006973,DB:DB00275,,,3,2,6,9,0.333,0.333
lisdexamfetamine_Attention_deficit_hyperactivit,DBDB01255_MESH_D001289_3793,lisdexamfetamine,Attention deficit hyperactivity disorder,lisdexamfetamine,Attention deficit hyperactivity disorder,MESH:D000069478,MESH:D001289,DB:DB01255,,,8,7,5,13,0.667,0.615
doxorubicin_Breast_Neoplasms,DBDB00997_MESH_D001943_3971,doxorubicin,Breast Neoplasms,doxorubicin,Breast Neoplasms,MESH:D004317,MESH:D001943,DB:DB00997,,,3,2,6,9,0.429,0.333
doxorubicin_Neuroblastoma,DBDB00997_MESH_D009447_3980,doxorubicin,Neuroblastoma,doxorubicin,Neuroblastoma,MESH:D004317,MESH:D009447,DB:DB00997,,,3,2,5,8,0.5,0.375
hydrocortisone_Arthritis_Rheumatoid,DBDB00741_MESH_D001172_3995,hydrocortisone,"Arthritis, Rheumatoid",hydrocortisone,"Arthritis, Rheumatoid",MESH:D006854,MESH:D001172,DB:DB00741,,,10,9,2,12,0.833,0.833
hydrocortisone_Asthma,DBDB00741_MESH_D001249_3996,hydrocortisone,Asthma,hydrocortisone,Asthma,MESH:D006854,MESH:D001249,DB:DB00741,,,10,9,2,12,0.909,0.833
hydrocortisone_Berylliosis,DBDB00741_MESH_D001607_3998,hydrocortisone,Berylliosis,hydrocortisone,Berylliosis,MESH:D006854,MESH:D001607,DB:DB00741,,,11,10,1,12,0.917,0.917
hydrocortisone_Brain_Edema,DBDB00741_MESH_D001929_3999,hydrocortisone,Brain Edema,hydrocortisone,Brain Edema,MESH:D006854,MESH:D001929,DB:DB00741,,,11,10,1,12,0.917,0.917
hydrocortisone_Bursitis,DBDB00741_MESH_D002062_4000,hydrocortisone,Bursitis,hydrocortisone,Bursitis,MESH:D006854,MESH:D002062,DB:DB00741,,,10,9,2,12,0.833,0.833
hydrocortisone_Dermatitis_Atopic,DBDB00741_MESH_D003876_4005,hydrocortisone,"Dermatitis, Atopic",hydrocortisone,"Dermatitis, Atopic",MESH:D006854,MESH:D003876,DB:DB00741,,,10,9,2,12,0.833,0.833
hydrocortisone_Dermatitis_Contact,DBDB00741_MESH_D003877_4006,hydrocortisone,"Dermatitis, Contact",hydrocortisone,"Dermatitis, Contact",MESH:D006854,MESH:D003877,DB:DB00741,,,10,9,2,12,0.833,0.833
hydrocortisone_Eye_Diseases,DBDB00741_MESH_D005128_4012,hydrocortisone,Eye Diseases,hydrocortisone,Eye Diseases,MESH:D006854,MESH:D005128,DB:DB00741,,,10,9,1,11,0.909,0.909
hydrocortisone_Lupus_Erythematosus_Systemic,DBDB00741_MESH_D008180_4023,hydrocortisone,"Lupus Erythematosus, Systemic",hydrocortisone,"Lupus Erythematosus, Systemic",MESH:D006854,MESH:D008180,DB:DB00741,,,10,9,2,12,0.833,0.833
hydrocortisone_Pemphigus,DBDB00741_MESH_D010392_4032,hydrocortisone,Pemphigus,hydrocortisone,Pemphigus,MESH:D006854,MESH:D010392,DB:DB00741,,,10,9,2,12,0.833,0.833
hydrocortisone_Serum_Sickness,DBDB00741_MESH_D012713_4042,hydrocortisone,Serum Sickness,hydrocortisone,Serum Sickness,MESH:D006854,MESH:D012713,DB:DB00741,,,10,9,3,13,0.833,0.769
naproxen_Arthritis_Rheumatoid,DBDB00788_MESH_D001172_4107,naproxen,"Arthritis, Rheumatoid",naproxen,"Arthritis, Rheumatoid",MESH:D009288,MESH:D001172,DB:DB00788,,,5,4,2,7,0.714,0.714
pheniramine_Rhinitis_Vasomotor,DBDB01620_MESH_D012223_4144,pheniramine,"Rhinitis, Vasomotor",pheniramine,"Rhinitis, Vasomotor",MESH:D010632,MESH:D012223,DB:DB01620,,,3,2,4,7,0.429,0.429
promazine_Porphyria_Acute_Intermittent,DBDB00420_MESH_D017118_4161,promazine,"Porphyria, Acute Intermittent",promazine,"Porphyria, Acute Intermittent",MESH:D011395,MESH:D017118,DB:DB00420,,,8,7,4,12,0.667,0.667
methylprednisolone_Arthritis_Rheumatoid,DBDB00959_MESH_D001172_4200,methylprednisolone,"Arthritis, Rheumatoid",methylprednisolone,"Arthritis, Rheumatoid",MESH:D008775,MESH:D001172,DB:DB00959,,,9,8,2,11,0.818,0.818
methylprednisolone_Asthma,DBDB00959_MESH_D001249_4201,methylprednisolone,Asthma,methylprednisolone,Asthma,MESH:D008775,MESH:D001249,DB:DB00959,,,10,9,1,11,0.909,0.909
methylprednisolone_Lupus_Erythematosus_Systemic,DBDB00959_MESH_D008180_4221,methylprednisolone,"Lupus Erythematosus, Systemic",methylprednisolone,"Lupus Erythematosus, Systemic",MESH:D008775,MESH:D008180,DB:DB00959,,,9,8,2,11,0.818,0.818
triamcinolone_Arthritis_Rheumatoid,DBDB00620_MESH_D001172_4256,triamcinolone,"Arthritis, Rheumatoid",triamcinolone,"Arthritis, Rheumatoid",MESH:D014221,MESH:D001172,DB:DB00620,,,9,8,2,11,0.818,0.818
triamcinolone_Asthma,DBDB00620_MESH_D001249_4257,triamcinolone,Asthma,triamcinolone,Asthma,MESH:D014221,MESH:D001249,DB:DB00620,,,10,9,1,11,0.909,0.909
triamcinolone_Lupus_Erythematosus_Systemic,DBDB00620_MESH_D008180_4264,triamcinolone,"Lupus Erythematosus, Systemic",triamcinolone,"Lupus Erythematosus, Systemic",MESH:D014221,MESH:D008180,DB:DB00620,,,9,8,2,11,0.818,0.818
cortisone_acetate_Arthritis_Rheumatoid,DBDB01380_MESH_D001172_4469,cortisone acetate,"Arthritis, Rheumatoid",cortisone acetate,"Arthritis, Rheumatoid",MESH:D003348,MESH:D001172,DB:DB01380,,,9,8,2,11,0.818,0.818
cortisone_acetate_Asthma,DBDB01380_MESH_D001249_4470,cortisone acetate,Asthma,cortisone acetate,Asthma,MESH:D003348,MESH:D001249,DB:DB01380,,,10,9,1,11,0.909,0.909
cortisone_acetate_Lupus_Erythematosus_Systemic,DBDB01380_MESH_D008180_4497,cortisone acetate,"Lupus Erythematosus, Systemic",cortisone acetate,"Lupus Erythematosus, Systemic",MESH:D003348,MESH:D008180,DB:DB01380,,,9,8,2,11,0.818,0.818
prednisolone_Arthritis_Rheumatoid,DBDB00860_MESH_D001172_4540,prednisolone,"Arthritis, Rheumatoid",prednisolone,"Arthritis, Rheumatoid",MESH:D011239,MESH:D001172,DB:DB00860,,,9,8,2,11,0.818,0.818
prednisolone_Asthma,DBDB00860_MESH_D001249_4542,prednisolone,Asthma,prednisolone,Asthma,MESH:D011239,MESH:D001249,DB:DB00860,,,10,9,1,11,0.909,0.909
prednisolone_Lupus_Erythematosus_Systemic,DBDB00860_MESH_D008180_4570,prednisolone,"Lupus Erythematosus, Systemic",prednisolone,"Lupus Erythematosus, Systemic",MESH:D011239,MESH:D008180,DB:DB00860,,,9,8,2,11,0.818,0.818
betamethasone_Arthritis_Rheumatoid,DBDB00443_MESH_D001172_4607,betamethasone,"Arthritis, Rheumatoid",betamethasone,"Arthritis, Rheumatoid",MESH:D001623,MESH:D001172,DB:DB00443,,,9,8,2,11,0.818,0.818
betamethasone_Asthma,DBDB00443_MESH_D001249_4608,betamethasone,Asthma,betamethasone,Asthma,MESH:D001623,MESH:D001249,DB:DB00443,,,10,9,1,11,0.909,0.909
betamethasone_Lupus_Erythematosus_Systemic,DBDB00443_MESH_D008180_4621,betamethasone,"Lupus Erythematosus, Systemic",betamethasone,"Lupus Erythematosus, Systemic",MESH:D001623,MESH:D008180,DB:DB00443,,,9,8,2,11,0.818,0.818
prednisone_Adrenal_Insufficiency,DBDB00635_MESH_D000309_4665,prednisone,Adrenal Insufficiency,prednisone,Adrenal Insufficiency,MESH:D011241,MESH:D000309,DB:DB00635,,,3,2,0,3,1.0,1.0
prednisone_Angioedema,DBDB00635_MESH_D000799_4668,prednisone,Angioedema,prednisone,Angioedema,MESH:D011241,MESH:D000799,DB:DB00635,,,4,3,8,12,0.333,0.333
prednisone_Arthritis_Psoriatic,DBDB00635_MESH_D015535_4671,prednisone,"Arthritis, Psoriatic",prednisone,"Arthritis, Psoriatic",MESH:D011241,MESH:D015535,DB:DB00635,,,4,3,8,12,0.333,0.333
prednisone_Arthritis_Rheumatoid,DBDB00635_MESH_D001172_4672,prednisone,"Arthritis, Rheumatoid",prednisone,"Arthritis, Rheumatoid",MESH:D011241,MESH:D001172,DB:DB00635,,,10,9,2,12,0.833,0.833
prednisone_Asthma,DBDB00635_MESH_D001249_4673,prednisone,Asthma,prednisone,Asthma,MESH:D011241,MESH:D001249,DB:DB00635,,,11,10,1,12,0.917,0.917
prednisone_Autoimmune_Diseases,DBDB00635_MESH_D001327_4674,prednisone,Autoimmune Diseases,prednisone,Autoimmune Diseases,MESH:D011241,MESH:D001327,DB:DB00635,,,4,3,8,12,0.333,0.333
prednisone_Berylliosis,DBDB00635_MESH_D001607_4675,prednisone,Berylliosis,prednisone,Berylliosis,MESH:D011241,MESH:D001607,DB:DB00635,,,4,3,8,12,0.333,0.333
prednisone_Dermatitis_Atopic,DBDB00635_MESH_D003876_4677,prednisone,"Dermatitis, Atopic",prednisone,"Dermatitis, Atopic",MESH:D011241,MESH:D003876,DB:DB00635,,,4,3,8,12,0.333,0.333
prednisone_Dermatitis_Contact,DBDB00635_MESH_D003877_4678,prednisone,"Dermatitis, Contact",prednisone,"Dermatitis, Contact",MESH:D011241,MESH:D003877,DB:DB00635,,,4,3,8,12,0.333,0.333
prednisone_Dermatitis_Exfoliative,DBDB00635_MESH_D003873_4679,prednisone,"Dermatitis, Exfoliative",prednisone,"Dermatitis, Exfoliative",MESH:D011241,MESH:D003873,DB:DB00635,,,4,3,8,12,0.333,0.333
prednisone_Hodgkin_Disease,DBDB00635_MESH_D006689_4682,prednisone,Hodgkin Disease,prednisone,Hodgkin Disease,MESH:D011241,MESH:D006689,DB:DB00635,,,4,3,8,12,0.333,0.333
prednisone_Humoral_Hypercalcemia_Of_Malig,DBDB00635_MESH_C562390_4683,prednisone,Humoral Hypercalcemia Of Malignancy,prednisone,Humoral Hypercalcemia Of Malignancy,MESH:D011241,MESH:C562390,DB:DB00635,,,3,2,4,7,0.6,0.429
prednisone_Lupus_Erythematosus_Systemic,DBDB00635_MESH_D008180_4687,prednisone,"Lupus Erythematosus, Systemic",prednisone,"Lupus Erythematosus, Systemic",MESH:D011241,MESH:D008180,DB:DB00635,,,10,9,2,12,0.833,0.833
prednisone_Lymphoma_Follicular,DBDB00635_MESH_D008224_4688,prednisone,"Lymphoma, Follicular",prednisone,"Lymphoma, Follicular",MESH:D011241,MESH:D008224,DB:DB00635,,,4,3,8,12,0.333,0.333
prednisone_Lymphoma_T-Cell_Cutaneous,DBDB00635_MESH_D016410_4691,prednisone,"Lymphoma, T-Cell, Cutaneous",prednisone,"Lymphoma, T-Cell, Cutaneous",MESH:D011241,MESH:D016410,DB:DB00635,,,4,3,9,13,0.333,0.308
prednisone_Multiple_Sclerosis,DBDB00635_MESH_D009103_4692,prednisone,Multiple Sclerosis,prednisone,Multiple Sclerosis,MESH:D011241,MESH:D009103,DB:DB00635,,,4,3,9,13,0.308,0.308
prednisone_Musculoskeletal_Diseases,DBDB00635_MESH_D009140_4693,prednisone,Musculoskeletal Diseases,prednisone,Musculoskeletal Diseases,MESH:D011241,MESH:D009140,DB:DB00635,,,4,3,8,12,0.333,0.333
prednisone_Nephrotic_Syndrome,DBDB00635_MESH_D009404_4695,prednisone,Nephrotic Syndrome,prednisone,Nephrotic Syndrome,MESH:D011241,MESH:D009404,DB:DB00635,,,4,3,7,11,0.364,0.364
prednisone_Pemphigus,DBDB00635_MESH_D010392_4696,prednisone,Pemphigus,prednisone,Pemphigus,MESH:D011241,MESH:D010392,DB:DB00635,,,4,3,8,12,0.333,0.333
prednisone_Psoriasis,DBDB00635_MESH_D011565_4697,prednisone,Psoriasis,prednisone,Psoriasis,MESH:D011241,MESH:D011565,DB:DB00635,,,4,3,8,12,0.333,0.333
prednisone_Pulmonary_Eosinophilia,DBDB00635_MESH_D011657_4698,prednisone,Pulmonary Eosinophilia,prednisone,Pulmonary Eosinophilia,MESH:D011241,MESH:D011657,DB:DB00635,,,4,3,8,12,0.333,0.333
prednisone_Rheumatic_Heart_Disease,DBDB00635_MESH_D012214_4699,prednisone,Rheumatic Heart Disease,prednisone,Rheumatic Heart Disease,MESH:D011241,MESH:D012214,DB:DB00635,,,4,3,8,12,0.333,0.333
prednisone_Sarcoidosis,DBDB00635_MESH_D012507_4701,prednisone,Sarcoidosis,prednisone,Sarcoidosis,MESH:D011241,MESH:D012507,DB:DB00635,,,4,3,7,11,0.364,0.364
prednisone_Serum_Sickness,DBDB00635_MESH_D012713_4702,prednisone,Serum Sickness,prednisone,Serum Sickness,MESH:D011241,MESH:D012713,DB:DB00635,,,4,3,9,13,0.333,0.308
prednisone_Skin_Diseases,DBDB00635_MESH_D012871_4703,prednisone,Skin Diseases,prednisone,Skin Diseases,MESH:D011241,MESH:D012871,DB:DB00635,,,4,3,8,12,0.333,0.333
prednisone_Tennis_Elbow,DBDB00635_MESH_D013716_4705,prednisone,Tennis Elbow,prednisone,Tennis Elbow,MESH:D011241,MESH:D013716,DB:DB00635,,,4,3,9,13,0.308,0.308
prednisone_Thyroiditis,DBDB00635_MESH_D013966_4706,prednisone,Thyroiditis,prednisone,Thyroiditis,MESH:D011241,MESH:D013966,DB:DB00635,,,4,3,8,12,0.333,0.333
everolimus_Renal_cell_carcinoma,DBDB01590_MESH_D002292_4767,everolimus,Renal cell carcinoma,everolimus,Renal cell carcinoma,MESH:D000068338,MESH:D002292,DB:DB01590,,,3,2,2,5,0.6,0.6
everolimus_Breast_Neoplasms,DBDB01590_MESH_D001943_4768,everolimus,Breast Neoplasms,everolimus,Breast Neoplasms,MESH:D000068338,MESH:D001943,DB:DB01590,,,3,2,2,5,0.6,0.6
Acebutolol_Hypertension,DBDB01193_MESH_D006973_4780,Acebutolol,Hypertension,Acebutolol,Hypertension,MESH:D000070,MESH:D006973,DB:DB01193,,,4,3,1,5,0.8,0.8
